_id,id,email,otp
66166eb696fb1df606179d52,529,ahelm0@jigsy.com,3226
66166eb696fb1df606179d53,231,dcraigg1@tinypic.com,5042
66166eb696fb1df606179d54,571,sdrees2@blog.com,8089
66166eb696fb1df606179d55,503,sjerman3@java.com,4481
66166eb696fb1df606179d56,444,kmccritchie4@usgs.gov,2502
66166eb696fb1df606179d57,102,cableson5@aboutads.info,8769
66166eb696fb1df606179d58,138,dsitlinton6@sohu.com,6376
66166eb696fb1df606179d59,310,bchark7@wisc.edu,6955
66166eb696fb1df606179d5a,518,pdenziloe8@bloglovin.com,2607
66166eb696fb1df606179d5b,545,veickhoff9@apple.com,3528
66166eb696fb1df606179d5c,262,mcromara@ameblo.jp,2437
66166eb696fb1df606179d5d,111,aharcusb@t-online.de,8337
66166eb696fb1df606179d5e,152,ngammidgec@1688.com,8071
66166eb696fb1df606179d5f,328,jdamreld@digg.com,4594
66166eb696fb1df606179d60,182,bhaywarde@blog.com,6975
66166eb696fb1df606179d61,280,candrif@flickr.com,7063
66166eb696fb1df606179d62,335,kthornebarrowg@1und1.de,6978
66166eb696fb1df606179d63,292,ghalbeardh@wikispaces.com,2244
66166eb696fb1df606179d64,302,bmustilli@1688.com,8057
66166eb696fb1df606179d65,517,aheymesj@auda.org.au,2469
66166eb696fb1df606179d66,311,rbeerek@cisco.com,2146
66166eb796fb1df606179d67,592,lbigleyl@desdev.cn,1882
66166eb796fb1df606179d68,451,zhallamm@dailymotion.com,4466
66166eb796fb1df606179d69,188,kcasewelln@cyberchimps.com,2826
66166eb796fb1df606179d6a,440,coheffernano@posterous.com,3834
66166eb796fb1df606179d6b,271,scarasp@altervista.org,9226
66166eb796fb1df606179d6c,171,dbuckq@wordpress.org,7376
66166eb796fb1df606179d6d,352,premerr@topsy.com,7286
66166eb796fb1df606179d6e,574,swattss@ox.ac.uk,5457
66166eb796fb1df606179d6f,177,agodricht@tumblr.com,2778
66166eb796fb1df606179d70,480,jgouleyu@privacy.gov.au,7078
66166eb796fb1df606179d71,586,lthirlwellv@seesaa.net,2668
66166eb796fb1df606179d72,582,gocurneenw@jigsy.com,3454
66166eb796fb1df606179d73,127,sbreretonx@goodreads.com,1437
66166eb796fb1df606179d74,536,kcridlandy@baidu.com,1592
66166eb796fb1df606179d75,106,sbennikez@cdbaby.com,9868
66166eb796fb1df606179d76,243,ecarbery10@github.io,8262
66166eb796fb1df606179d77,168,hbundy11@photobucket.com,9491
66166eb796fb1df606179d78,226,sjellyman12@free.fr,1152
66166eb796fb1df606179d79,578,paudsley13@yahoo.co.jp,5318
66166eb796fb1df606179d7a,398,ldullaghan14@paypal.com,6215
66166eb796fb1df606179d7b,468,dcolicot15@wikispaces.com,7928
66166eb796fb1df606179d7c,549,adinesen16@huffingtonpost.com,5172
66166eb796fb1df606179d7d,131,pblankenship17@cnbc.com,1437
66166eb796fb1df606179d7e,408,lkures18@cpanel.net,6650
66166eb796fb1df606179d7f,515,gwentworth19@reddit.com,3895
66166eb796fb1df606179d80,430,esouthway1a@yolasite.com,2979
66166eb796fb1df606179d81,193,lbartos1b@nhs.uk,8196
66166eb796fb1df606179d82,472,ahagger1c@epa.gov,3742
66166eb796fb1df606179d83,547,lhallyburton1d@mysql.com,6079
66166eb796fb1df606179d84,364,rleggitt1e@bbb.org,9879
66166eb796fb1df606179d85,540,erogliero1f@rediff.com,6015
66166eb796fb1df606179d86,388,igabel1g@bing.com,3891
66166eb796fb1df606179d87,525,pperigo1h@godaddy.com,8902
66166eb796fb1df606179d88,469,tpenhaligon1i@arstechnica.com,6393
66166eb796fb1df606179d89,599,braccio1j@umn.edu,6370
66166eb896fb1df606179d8a,418,bbroom1k@senate.gov,7405
66166eb896fb1df606179d8b,374,ggauthorpp1l@nationalgeographic.com,3378
66166eb896fb1df606179d8c,147,asoan1m@apple.com,6318
66166eb896fb1df606179d8d,257,tjoesbury1n@bloglovin.com,2758
66166eb896fb1df606179d8e,297,relston1o@nifty.com,5573
66166eb896fb1df606179d8f,548,mstqueintain1p@fotki.com,9385
66166eb896fb1df606179d90,249,mjonin1q@amazon.co.jp,4781
66166eb896fb1df606179d91,247,mhairs1r@symantec.com,9263
66166eb896fb1df606179d92,342,dschoenrock1s@lycos.com,2578
66166eb896fb1df606179d93,543,clintill1t@yahoo.com,3464
66166eb896fb1df606179d94,336,hfilipychev1u@businessinsider.com,7556
66166eb896fb1df606179d95,587,jgilhespy1v@fema.gov,6308
66166eb896fb1df606179d96,591,gpopeley1w@time.com,3875
66166eb896fb1df606179d97,360,iespin1x@google.co.uk,4183
66166eb896fb1df606179d98,251,rcallinan1y@sun.com,5424
66166eb896fb1df606179d99,425,lbexley1z@earthlink.net,3932
66166eb896fb1df606179d9a,353,aweerdenburg20@princeton.edu,4584
66166eb896fb1df606179d9b,161,ksarfass21@bluehost.com,5014
66166eb896fb1df606179d9c,279,tkippling22@cisco.com,1650
66166eb896fb1df606179d9d,125,waxford23@army.mil,1985
66166eb896fb1df606179d9e,355,eshillam24@ibm.com,5684
66166eb896fb1df606179d9f,568,rlarose25@tripod.com,4283
66166eb896fb1df606179da0,415,abiagi26@icq.com,5138
66166eb896fb1df606179da1,122,gbroadstock27@shop-pro.jp,3966
66166eb896fb1df606179da2,572,afriedank28@psu.edu,3717
66166eb896fb1df606179da3,231,ldarque29@tamu.edu,8922
66166eb896fb1df606179da4,342,cbarns2a@youku.com,6532
66166eb896fb1df606179da5,412,abaldini2b@livejournal.com,7275
66166eb896fb1df606179da6,461,ksmickle2c@cnbc.com,9742
66166eb896fb1df606179da7,275,bcarrane2d@yellowbook.com,7002
66166eb896fb1df606179da8,516,rcordeau2e@guardian.co.uk,8956
66166eb896fb1df606179da9,311,mdufaur2f@time.com,3588
66166eb896fb1df606179daa,459,epoile2g@vinaora.com,5720
66166eb896fb1df606179dab,181,bneat2h@theglobeandmail.com,6126
66166eb896fb1df606179dac,551,lkubacki2i@shop-pro.jp,4424
66166eb896fb1df606179dad,268,hrizzi2j@123-reg.co.uk,7898
66166eb996fb1df606179dae,418,bmattiazzo2k@behance.net,7886
66166eb996fb1df606179daf,212,sswinfon2l@google.ru,4922
66166eb996fb1df606179db0,442,dstreeting2m@furl.net,5359
66166eb996fb1df606179db1,521,lmerrydew2n@indiegogo.com,7918
66166eb996fb1df606179db2,184,ttester2o@wikia.com,1338
66166eb996fb1df606179db3,161,bpassie2p@technorati.com,7249
66166eb996fb1df606179db4,228,raudus2q@apache.org,5674
66166eb996fb1df606179db5,181,cnary2r@independent.co.uk,4500
66166eb996fb1df606179db6,435,kbarendtsen2s@ehow.com,2102
66166eb996fb1df606179db7,378,lkillimister2t@webmd.com,7456
66166eb996fb1df606179db8,182,dscone2u@washingtonpost.com,3033
66166eb996fb1df606179db9,378,vpealing2v@about.com,7937
66166eb996fb1df606179dba,392,cdullingham2w@cisco.com,4291
66166eb996fb1df606179dbb,199,mhoopper2x@va.gov,6813
66166eb996fb1df606179dbc,389,ckerfod2y@plala.or.jp,9298
66166eb996fb1df606179dbd,404,mwinram2z@oakley.com,3658
66166eb996fb1df606179dbe,243,jgommey30@last.fm,8235
66166eb996fb1df606179dbf,474,bdougary31@freewebs.com,5567
66166eb996fb1df606179dc0,117,dcholton32@si.edu,3015
66166eb996fb1df606179dc1,424,amccarroll33@weebly.com,6036
66166eb996fb1df606179dc2,204,dmayhead34@google.co.uk,5825
66166eb996fb1df606179dc3,387,dcleal35@free.fr,9758
66166eb996fb1df606179dc4,298,imcwhannel36@github.io,6714
66166eb996fb1df606179dc5,538,lwolver37@berkeley.edu,8907
66166eb996fb1df606179dc6,566,gbernadzki38@census.gov,4746
66166eb996fb1df606179dc7,284,uarcase39@free.fr,9170
66166eb996fb1df606179dc8,325,lhalfhide3a@alexa.com,3195
66166eb996fb1df606179dc9,355,pterrans3b@cnbc.com,7539
66166eb996fb1df606179dca,545,rbaiyle3c@bloglines.com,5170
66166eb996fb1df606179dcb,504,sjammes3d@163.com,6965
66166eb996fb1df606179dcc,169,rhanning3e@nba.com,4784
66166eb996fb1df606179dcd,298,peglaise3f@wiley.com,6567
66166eb996fb1df606179dce,374,kclubbe3g@yandex.ru,1142
66166eb996fb1df606179dcf,353,fbachmann3h@chicagotribune.com,3312
66166eb996fb1df606179dd0,367,ewallach3i@webmd.com,7224
66166eb996fb1df606179dd1,268,fahmed3j@g.co,6096
66166eb996fb1df606179dd2,131,sstook3k@free.fr,9538
66166eba96fb1df606179dd3,292,nshellsheere3l@homestead.com,9584
66166eba96fb1df606179dd4,442,halders3m@tamu.edu,5752
66166eba96fb1df606179dd5,398,iiacovaccio3n@kickstarter.com,8107
66166eba96fb1df606179dd6,545,dsurgey3o@kickstarter.com,5036
66166eba96fb1df606179dd7,302,grapson3p@wix.com,9934
66166eba96fb1df606179dd8,146,dcraigg3q@1und1.de,8639
66166eba96fb1df606179dd9,362,bmapham3r@tuttocitta.it,7269
66166eba96fb1df606179dda,402,pcamous3s@berkeley.edu,4834
66166eba96fb1df606179ddb,336,rnaire3t@parallels.com,9212
66166eba96fb1df606179ddc,559,bhastewell3u@blogs.com,4584
66166eba96fb1df606179ddd,349,bpomeroy3v@g.co,2961
66166eba96fb1df606179dde,583,vmawman3w@biblegateway.com,2833
66166eba96fb1df606179ddf,187,njanusik3x@gravatar.com,6274
66166eba96fb1df606179de0,482,mmcgiffie3y@wufoo.com,7921
66166eba96fb1df606179de1,435,bforo3z@engadget.com,6641
66166eba96fb1df606179de2,323,cfilippov40@ibm.com,2379
66166eba96fb1df606179de3,501,ckryska41@techcrunch.com,4669
66166eba96fb1df606179de4,347,eguilayn42@360.cn,1950
66166eba96fb1df606179de5,325,poade43@japanpost.jp,7169
66166eba96fb1df606179de6,600,egillford44@mysql.com,1679
66166eba96fb1df606179de7,430,dbrownlea45@unesco.org,7179
66166eba96fb1df606179de8,255,aaudas46@blogs.com,8012
66166eba96fb1df606179de9,140,msorrel47@wunderground.com,5616
66166eba96fb1df606179dea,132,tadicot48@senate.gov,6424
66166eba96fb1df606179deb,498,elorie49@sina.com.cn,9655
66166eba96fb1df606179dec,390,sissard4a@xing.com,4712
66166eba96fb1df606179ded,409,byouthead4b@discuz.net,8276
66166eba96fb1df606179dee,402,ymcduall4c@blogtalkradio.com,3666
66166eba96fb1df606179def,265,jgent4d@newsvine.com,3940
66166eba96fb1df606179df0,300,lboorne4e@list-manage.com,9949
66166eba96fb1df606179df1,167,frens4f@tinyurl.com,3349
66166eba96fb1df606179df2,449,mkerrane4g@drupal.org,8506
66166eba96fb1df606179df3,233,olebosse4h@forbes.com,4432
66166eba96fb1df606179df4,425,tbutterworth4i@ebay.com,4964
66166eba96fb1df606179df5,509,obeddow4j@jimdo.com,9012
66166ebb96fb1df606179df6,137,hbrigginshaw4k@surveymonkey.com,1993
66166ebb96fb1df606179df7,596,cjosiah4l@fotki.com,3218
66166ebb96fb1df606179df8,380,apettingill4m@ifeng.com,6850
66166ebb96fb1df606179df9,254,rmcgunley4n@mlb.com,6753
66166ebb96fb1df606179dfa,322,jhaley4o@tripadvisor.com,1748
66166ebb96fb1df606179dfb,256,tmcaster4p@comsenz.com,9838
66166ebb96fb1df606179dfc,109,cwebby4q@sbwire.com,7660
66166ebb96fb1df606179dfd,341,mfurse4r@jimdo.com,1058
66166ebb96fb1df606179dfe,494,dsandall4s@google.pl,5173
66166ebb96fb1df606179dff,229,lboodle4t@yahoo.co.jp,9954
66166ebb96fb1df606179e00,489,ailyunin4u@latimes.com,8481
66166ebb96fb1df606179e01,542,fwillan4v@studiopress.com,5028
66166ebb96fb1df606179e02,450,cbasire4w@gravatar.com,1306
66166ebb96fb1df606179e03,370,ereicharz4x@unc.edu,8575
66166ebb96fb1df606179e04,347,bpurvey4y@toplist.cz,9141
66166ebb96fb1df606179e05,531,jpetch4z@smh.com.au,2254
66166ebb96fb1df606179e06,311,nduckitt50@ebay.co.uk,5248
66166ebb96fb1df606179e07,431,lpratte51@comsenz.com,2455
66166ebb96fb1df606179e08,460,mmcgeouch52@netlog.com,3107
66166ebb96fb1df606179e09,292,jvandevelde53@acquirethisname.com,6716
66166ebb96fb1df606179e0a,456,plabro54@xinhuanet.com,1423
66166ebb96fb1df606179e0b,307,mciccotti55@odnoklassniki.ru,4748
66166ebb96fb1df606179e0c,381,ffackney56@guardian.co.uk,2494
66166ebb96fb1df606179e0d,228,msymcoxe57@disqus.com,5463
66166ebb96fb1df606179e0e,354,twreiford58@ehow.com,2972
66166ebb96fb1df606179e0f,129,schecchetelli59@free.fr,3021
66166ebb96fb1df606179e10,173,tolagen5a@vk.com,1474
66166ebb96fb1df606179e11,298,cmagwood5b@is.gd,3165
66166ebb96fb1df606179e12,374,ebrowning5c@bbb.org,7283
66166ebb96fb1df606179e13,117,jsharman5d@issuu.com,8336
66166ebb96fb1df606179e14,273,ecusick5e@redcross.org,1565
66166ebb96fb1df606179e15,219,pgyorffy5f@miibeian.gov.cn,8386
66166ebb96fb1df606179e16,437,vfigge5g@vistaprint.com,1154
66166ebb96fb1df606179e17,216,dfurlow5h@friendfeed.com,4593
66166ebb96fb1df606179e18,300,lmonnery5i@patch.com,2384
66166ebb96fb1df606179e19,115,lviccars5j@squidoo.com,3351
66166ebb96fb1df606179e1a,220,tkearton5k@simplemachines.org,2609
66166ebc96fb1df606179e1b,591,bstephens5l@ameblo.jp,6411
66166ebc96fb1df606179e1c,188,ldelepine5m@netscape.com,1449
66166ebc96fb1df606179e1d,381,egeorgeou5n@issuu.com,3784
66166ebc96fb1df606179e1e,515,kpersich5o@oracle.com,8125
66166ebc96fb1df606179e1f,529,msparkwill5p@sun.com,6259
66166ebc96fb1df606179e20,300,kbricknall5q@weebly.com,8025
66166ebc96fb1df606179e21,215,lholgan5r@mayoclinic.com,1660
66166ebc96fb1df606179e22,380,dtailour5s@studiopress.com,7930
66166ebc96fb1df606179e23,486,jspencley5t@fc2.com,5392
66166ebc96fb1df606179e24,232,hlucian5u@go.com,9486
66166ebc96fb1df606179e25,116,hguswell5v@umn.edu,8831
66166ebc96fb1df606179e26,100,ikilius5w@prnewswire.com,2229
66166ebc96fb1df606179e27,169,dventom5x@cnn.com,2655
66166ebc96fb1df606179e28,598,zskirlin5y@chicagotribune.com,1278
66166ebc96fb1df606179e29,420,iemmerson5z@g.co,6142
66166ebc96fb1df606179e2a,365,kfury60@mozilla.org,7047
66166ebc96fb1df606179e2b,145,gcristofvao61@elegantthemes.com,2784
66166ebc96fb1df606179e2c,416,ewalker62@examiner.com,4796
66166ebc96fb1df606179e2d,583,wsamart63@dedecms.com,1186
66166ebc96fb1df606179e2e,159,lcockrell64@unicef.org,2140
66166ebc96fb1df606179e2f,201,lgrassett65@imageshack.us,6368
66166ebc96fb1df606179e30,366,eascraft66@disqus.com,1784
66166ebc96fb1df606179e31,564,tscrigmour67@google.pl,2074
66166ebc96fb1df606179e32,114,sabelevitz68@photobucket.com,5772
66166ebc96fb1df606179e33,347,acovino69@omniture.com,9468
66166ebc96fb1df606179e34,217,jtrathan6a@about.me,3200
66166ebc96fb1df606179e35,264,rjentle6b@mtv.com,8535
66166ebc96fb1df606179e36,175,tvearnals6c@shareasale.com,3332
66166ebc96fb1df606179e37,232,hkarpmann6d@state.tx.us,4921
66166ebc96fb1df606179e38,389,psteuhlmeyer6e@about.com,5112
66166ebc96fb1df606179e39,275,rheiden6f@google.de,3069
66166ebc96fb1df606179e3a,343,jmcginley6g@bloglines.com,6151
66166ebc96fb1df606179e3b,165,jkemitt6h@ebay.com,9496
66166ebc96fb1df606179e3c,386,jnodes6i@elpais.com,8664
66166ebc96fb1df606179e3d,516,ehacquard6j@dmoz.org,4181
66166ebd96fb1df606179e3e,200,dewenson6k@youtu.be,3974
66166ebd96fb1df606179e3f,363,jbattersby6l@pagesperso-orange.fr,6438
66166ebd96fb1df606179e40,313,njirzik6m@sogou.com,7391
66166ebd96fb1df606179e41,183,astandeven6n@furl.net,8775
66166ebd96fb1df606179e42,293,cclixby6o@lycos.com,2865
66166ebd96fb1df606179e43,106,wvanderdaal6p@seesaa.net,9509
66166ebd96fb1df606179e44,463,jcullnean6q@csmonitor.com,3120
66166ebd96fb1df606179e45,106,mdowsing6r@bigcartel.com,4975
66166ebd96fb1df606179e46,143,svonderempten6s@so-net.ne.jp,8139
66166ebd96fb1df606179e47,576,apuddin6t@ucoz.com,9551
66166ebd96fb1df606179e48,221,epennino6u@ucoz.ru,7824
66166ebd96fb1df606179e49,361,sbramont6v@amazon.com,5045
66166ebd96fb1df606179e4a,448,spirazzi6w@netvibes.com,8512
66166ebd96fb1df606179e4b,589,daldcorne6x@patch.com,3660
66166ebd96fb1df606179e4c,539,vbrearley6y@usnews.com,7995
66166ebd96fb1df606179e4d,141,bmarling6z@google.com.au,6666
66166ebd96fb1df606179e4e,357,bmaffi70@tinypic.com,5302
66166ebd96fb1df606179e4f,230,asherman71@aboutads.info,2113
66166ebd96fb1df606179e50,276,wvowell72@linkedin.com,4209
66166ebd96fb1df606179e51,280,rsitwell73@businesswire.com,9686
66166ebd96fb1df606179e52,324,gbruneton74@craigslist.org,9334
66166ebd96fb1df606179e53,343,ggornal75@chicagotribune.com,3567
66166ebd96fb1df606179e54,572,ofrudd76@miitbeian.gov.cn,3091
66166ebd96fb1df606179e55,148,kbarnish77@jalbum.net,6059
66166ebd96fb1df606179e56,579,grigney78@nih.gov,9261
66166ebd96fb1df606179e57,350,lbarnwell79@spotify.com,9313
66166ebd96fb1df606179e58,318,imanston7a@sbwire.com,5239
66166ebd96fb1df606179e59,119,lwarde7b@seattletimes.com,4613
66166ebd96fb1df606179e5a,506,aroselli7c@chron.com,3407
66166ebd96fb1df606179e5b,137,jmacnish7d@nydailynews.com,7400
66166ebd96fb1df606179e5c,531,fbaldelli7e@ehow.com,2894
66166ebd96fb1df606179e5d,188,iferier7f@is.gd,7950
66166ebd96fb1df606179e5e,473,clegen7g@zimbio.com,1860
66166ebd96fb1df606179e5f,432,dwillingam7h@discuz.net,8600
66166ebd96fb1df606179e60,599,vbarehead7i@unblog.fr,2292
66166ebd96fb1df606179e61,414,ebertie7j@businesswire.com,9382
66166ebe96fb1df606179e62,117,hacory7k@mysql.com,8934
66166ebe96fb1df606179e63,117,bdimont7l@jalbum.net,8966
66166ebe96fb1df606179e64,200,zsearson7m@xinhuanet.com,2664
66166ebe96fb1df606179e65,544,lsquire7n@google.com.br,4910
66166ebe96fb1df606179e66,512,bniaves7o@boston.com,3075
66166ebe96fb1df606179e67,402,ipetrosian7p@desdev.cn,3465
66166ebe96fb1df606179e68,181,relkin7q@sciencedaily.com,8291
66166ebe96fb1df606179e69,278,sroony7r@gizmodo.com,5391
66166ebe96fb1df606179e6a,416,fteggin7s@aol.com,8575
66166ebe96fb1df606179e6b,294,cvergine7t@aol.com,7700
66166ebe96fb1df606179e6c,339,gkeddle7u@auda.org.au,3480
66166ebe96fb1df606179e6d,337,blye7v@ted.com,5571
66166ebe96fb1df606179e6e,120,rdwyer7w@google.it,5567
66166ebe96fb1df606179e6f,483,cfeld7x@cisco.com,2603
66166ebe96fb1df606179e70,464,eseed7y@sina.com.cn,8975
66166ebe96fb1df606179e71,261,hkitchenham7z@discuz.net,3926
66166ebe96fb1df606179e72,484,tkauscher80@alexa.com,6960
66166ebe96fb1df606179e73,276,cbereford81@newsvine.com,2295
66166ebe96fb1df606179e74,155,aonele82@archive.org,9234
66166ebe96fb1df606179e75,262,cpetre83@php.net,7046
66166ebe96fb1df606179e76,490,hmuglestone84@paypal.com,2124
66166ebe96fb1df606179e77,296,cmarkel85@prlog.org,3465
66166ebe96fb1df606179e78,497,rmattiessen86@house.gov,5390
66166ebe96fb1df606179e79,537,cmattis87@slashdot.org,2298
66166ebe96fb1df606179e7a,311,vhegarty88@mozilla.com,5777
66166ebe96fb1df606179e7b,559,ptrue89@taobao.com,2394
66166ebe96fb1df606179e7c,247,wcregan8a@dmoz.org,1986
66166ebe96fb1df606179e7d,520,ggranville8b@guardian.co.uk,6052
66166ebe96fb1df606179e7e,134,kbedbury8c@ow.ly,3370
66166ebe96fb1df606179e7f,493,lboyne8d@netscape.com,7876
66166ebe96fb1df606179e80,559,bajam8e@last.fm,7898
66166ebe96fb1df606179e81,139,bhassan8f@netlog.com,9582
66166ebe96fb1df606179e82,290,lwiggall8g@jigsy.com,5634
66166ebe96fb1df606179e83,507,bemmert8h@t.co,9050
66166ebe96fb1df606179e84,165,jculshew8i@nasa.gov,4380
66166ebe96fb1df606179e85,276,ibeer8j@parallels.com,5811
66166ebe96fb1df606179e86,406,lwickersham8k@loc.gov,7481
66166ebf96fb1df606179e87,278,ahubbins8l@usgs.gov,8769
66166ebf96fb1df606179e88,324,soffen8m@gov.uk,8126
66166ebf96fb1df606179e89,504,eludford8n@gizmodo.com,9188
66166ebf96fb1df606179e8a,239,pdolle8o@aol.com,6242
66166ebf96fb1df606179e8b,280,nroset8p@wisc.edu,5144
66166ebf96fb1df606179e8c,513,gryle8q@prnewswire.com,1121
66166ebf96fb1df606179e8d,133,bletterese8r@ox.ac.uk,5501
66166ebf96fb1df606179e8e,300,rroff8s@fotki.com,7945
66166ebf96fb1df606179e8f,363,scoggan8t@unc.edu,7582
66166ebf96fb1df606179e90,447,afilpi8u@auda.org.au,3804
66166ebf96fb1df606179e91,187,plondsdale8v@independent.co.uk,1211
66166ebf96fb1df606179e92,469,kesel8w@uiuc.edu,3169
66166ebf96fb1df606179e93,131,hcockshot8x@google.nl,2102
66166ebf96fb1df606179e94,236,kregardsoe8y@ucoz.ru,8721
66166ebf96fb1df606179e95,147,lestick8z@gov.uk,6755
66166ebf96fb1df606179e96,424,lmacfie90@columbia.edu,2467
66166ebf96fb1df606179e97,593,jgrouvel91@who.int,2363
66166ebf96fb1df606179e98,258,pwheelhouse92@dagondesign.com,7917
66166ebf96fb1df606179e99,471,hmillom93@xrea.com,5907
66166ebf96fb1df606179e9a,232,mderyebarrett94@macromedia.com,3480
66166ebf96fb1df606179e9b,525,vfeehery95@phoca.cz,2883
66166ebf96fb1df606179e9c,238,asealove96@aboutads.info,4783
66166ebf96fb1df606179e9d,580,smurkus97@xinhuanet.com,2034
66166ebf96fb1df606179e9e,192,bregler98@blogspot.com,2932
66166ebf96fb1df606179e9f,487,ftiebe99@nyu.edu,7082
66166ebf96fb1df606179ea0,371,efierman9a@phoca.cz,2375
66166ebf96fb1df606179ea1,512,cskullet9b@joomla.org,6908
66166ebf96fb1df606179ea2,384,dcrummie9c@cloudflare.com,6220
66166ebf96fb1df606179ea3,194,ccasone9d@prnewswire.com,7154
66166ebf96fb1df606179ea4,596,ahammerman9e@ycombinator.com,9104
66166ebf96fb1df606179ea5,281,jgaul9f@acquirethisname.com,8575
66166ebf96fb1df606179ea6,440,tlangran9g@ebay.co.uk,5732
66166ebf96fb1df606179ea7,527,pludewig9h@columbia.edu,2540
66166ebf96fb1df606179ea8,270,ctremblett9i@netscape.com,6625
66166ebf96fb1df606179ea9,340,tcapsey9j@cornell.edu,3620
66166ebf96fb1df606179eaa,378,bshaxby9k@spiegel.de,4020
66166ebf96fb1df606179eab,326,dlumly9l@goodreads.com,2231
66166ec096fb1df606179eac,103,kandrolli9m@bluehost.com,9922
66166ec096fb1df606179ead,123,sfretwell9n@cocolog-nifty.com,7976
66166ec096fb1df606179eae,306,mgorce9o@seesaa.net,8228
66166ec096fb1df606179eaf,527,iliggins9p@mapquest.com,9312
66166ec096fb1df606179eb0,294,mbownes9q@wix.com,9451
66166ec096fb1df606179eb1,297,nmckibbin9r@sun.com,3353
66166ec096fb1df606179eb2,327,ccaitlin9s@php.net,8315
66166ec096fb1df606179eb3,409,tmccobb9t@altervista.org,3356
66166ec096fb1df606179eb4,309,ikohler9u@gizmodo.com,7911
66166ec096fb1df606179eb5,235,gsloan9v@soundcloud.com,9575
66166ec096fb1df606179eb6,233,gstonehewer9w@dot.gov,1624
66166ec096fb1df606179eb7,339,fperegrine9x@sohu.com,8449
66166ec096fb1df606179eb8,478,iprestland9y@admin.ch,8586
66166ec096fb1df606179eb9,378,kmacadie9z@xrea.com,9831
66166ec096fb1df606179eba,168,gswayslanda0@gizmodo.com,6491
66166ec096fb1df606179ebb,180,dmcnabba1@dmoz.org,6616
66166ec096fb1df606179ebc,116,emontea2@walmart.com,7271
66166ec096fb1df606179ebd,421,awhiteforda3@163.com,4469
66166ec096fb1df606179ebe,335,sbootherstonea4@constantcontact.com,3803
66166ec096fb1df606179ebf,496,awainscoata5@bigcartel.com,7428
66166ec096fb1df606179ec0,380,hsterlinga6@nih.gov,5184
66166ec096fb1df606179ec1,538,vmannocka7@parallels.com,8635
66166ec096fb1df606179ec2,478,rmcilraitha8@prlog.org,2755
66166ec096fb1df606179ec3,159,moloinna9@goo.ne.jp,1296
66166ec096fb1df606179ec4,398,jsheivelsaa@ocn.ne.jp,6748
66166ec096fb1df606179ec5,412,amanserab@amazon.co.jp,2035
66166ec096fb1df606179ec6,457,mhardemanac@oracle.com,3522
66166ec096fb1df606179ec7,432,aburtonad@seesaa.net,9820
66166ec096fb1df606179ec8,557,rmingassonae@go.com,7531
66166ec096fb1df606179ec9,381,hspiersaf@walmart.com,4434
66166ec096fb1df606179eca,501,bwebbag@liveinternet.ru,3607
66166ec096fb1df606179ecb,186,aclemensonah@domainmarket.com,9740
66166ec096fb1df606179ecc,405,rworldai@ucsd.edu,1979
66166ec096fb1df606179ecd,292,bmalyaj@ucoz.com,2861
66166ec096fb1df606179ece,550,tmaypotherak@cnbc.com,3896
66166ec096fb1df606179ecf,382,mgrinstonal@cdc.gov,9065
66166ec196fb1df606179ed0,229,ybuckseyam@cbsnews.com,4158
66166ec196fb1df606179ed1,369,ipitkinsan@bigcartel.com,3396
66166ec196fb1df606179ed2,571,atuckermanao@dailymail.co.uk,5121
66166ec196fb1df606179ed3,363,sbrasonap@pcworld.com,5450
66166ec196fb1df606179ed4,195,nbooiaq@creativecommons.org,6525
66166ec196fb1df606179ed5,135,tcowherdar@sun.com,7047
66166ec196fb1df606179ed6,484,ndeveroseas@shop-pro.jp,9045
66166ec196fb1df606179ed7,114,thattoat@cmu.edu,3389
66166ec196fb1df606179ed8,167,jabramamovau@diigo.com,7315
66166ec196fb1df606179ed9,218,rmillthorpeav@nhs.uk,2814
66166ec196fb1df606179eda,328,ssoreaw@mapquest.com,8086
66166ec196fb1df606179edb,208,pmurfillax@google.ca,7072
66166ec196fb1df606179edc,257,nbegganay@zdnet.com,7984
66166ec196fb1df606179edd,253,chaulkhamaz@dailymotion.com,6200
66166ec196fb1df606179ede,123,fnearyb0@livejournal.com,2433
66166ec196fb1df606179edf,198,amcareeb1@dot.gov,3955
66166ec196fb1df606179ee0,534,mwitherupb2@ovh.net,8980
66166ec196fb1df606179ee1,209,lschollingb3@yellowbook.com,4212
66166ec196fb1df606179ee2,226,wfurzerb4@printfriendly.com,7762
66166ec196fb1df606179ee3,202,varthurb5@comcast.net,5986
66166ec196fb1df606179ee4,385,ejeskinb6@examiner.com,7632
66166ec196fb1df606179ee5,530,rhawardb7@ucsd.edu,5528
66166ec196fb1df606179ee6,394,tmcavincheyb8@storify.com,3506
66166ec196fb1df606179ee7,383,msushamsb9@dyndns.org,5105
66166ec196fb1df606179ee8,300,tchristophleba@simplemachines.org,4648
66166ec196fb1df606179ee9,446,makasterbb@nbcnews.com,8086
66166ec196fb1df606179eea,346,cpowdrellbc@360.cn,6591
66166ec196fb1df606179eeb,429,ndanforthbd@fastcompany.com,5627
66166ec196fb1df606179eec,565,jlambregtsbe@opensource.org,3492
66166ec196fb1df606179eed,345,gpachtbf@imdb.com,9776
66166ec196fb1df606179eee,215,swalkdenbg@baidu.com,9163
66166ec196fb1df606179eef,438,jrobichonbh@squarespace.com,1644
66166ec196fb1df606179ef0,509,bbeddallbi@boston.com,1097
66166ec196fb1df606179ef1,503,lmellhuishbj@github.io,6549
66166ec196fb1df606179ef2,163,cgarricbk@dropbox.com,1960
66166ec296fb1df606179ef3,162,tmcgregorbl@hc360.com,9953
66166ec296fb1df606179ef4,260,pgellybm@smugmug.com,5278
66166ec296fb1df606179ef5,436,jriepelbn@nyu.edu,1321
66166ec296fb1df606179ef6,124,bmclachlanbo@1und1.de,9915
66166ec296fb1df606179ef7,359,aoverillbp@github.com,4973
66166ec296fb1df606179ef8,390,mshellibeerbq@themeforest.net,3510
66166ec296fb1df606179ef9,154,tmedgwickbr@kickstarter.com,5813
66166ec296fb1df606179efa,251,llindenbs@tinyurl.com,4056
66166ec296fb1df606179efb,142,dbaskwellbt@house.gov,7096
66166ec296fb1df606179efc,100,mbuddenbu@exblog.jp,1734
66166ec296fb1df606179efd,101,mleteurtrebv@shareasale.com,7585
66166ec296fb1df606179efe,108,mestabrookbw@blogtalkradio.com,8602
66166ec296fb1df606179eff,413,hsimonsenbx@miibeian.gov.cn,2183
66166ec296fb1df606179f00,233,sgiurioby@yellowpages.com,6368
66166ec296fb1df606179f01,558,owindeattbz@domainmarket.com,2243
66166ec296fb1df606179f02,319,eburtenshawc0@ihg.com,7483
66166ec296fb1df606179f03,112,glechmerec1@yellowbook.com,8767
66166ec296fb1df606179f04,255,mcicchilloc2@dailymotion.com,2145
66166ec296fb1df606179f05,373,zscollickc3@woothemes.com,6163
66166ec296fb1df606179f06,574,cstollenbeckc4@last.fm,9447
66166ec296fb1df606179f07,574,bmeringtonc5@cdc.gov,6467
66166ec296fb1df606179f08,217,amoggc6@addtoany.com,1902
66166ec296fb1df606179f09,129,sdonnachiec7@kickstarter.com,3019
66166ec296fb1df606179f0a,211,jcristofolc8@elegantthemes.com,1332
66166ec296fb1df606179f0b,311,mchevinc9@cnn.com,7284
66166ec296fb1df606179f0c,411,fspeirca@webeden.co.uk,5675
66166ec296fb1df606179f0d,272,drenzinicb@newyorker.com,3319
66166ec296fb1df606179f0e,208,qcooppercc@sourceforge.net,9987
66166ec296fb1df606179f0f,467,tswangercd@live.com,8466
66166ec296fb1df606179f10,291,ahedleyce@soup.io,1909
66166ec296fb1df606179f11,587,kmachentcf@meetup.com,8139
66166ec296fb1df606179f12,435,bhunstonecg@mail.ru,7402
66166ec296fb1df606179f13,546,acastrilloch@g.co,3899
66166ec296fb1df606179f14,490,ageorginsci@over-blog.com,2201
66166ec296fb1df606179f15,111,jballcj@sakura.ne.jp,6171
66166ec296fb1df606179f16,454,hfenwickck@wiley.com,5898
66166ec396fb1df606179f17,436,ldoddingcl@eepurl.com,8086
66166ec396fb1df606179f18,126,lcrimminscm@umich.edu,8520
66166ec396fb1df606179f19,587,iluthercn@cnn.com,1890
66166ec396fb1df606179f1a,399,dkinneallyco@gnu.org,7488
66166ec396fb1df606179f1b,285,gconrycp@google.fr,5765
66166ec396fb1df606179f1c,326,bionescocq@elpais.com,7478
66166ec396fb1df606179f1d,229,rmillicancr@utexas.edu,9026
66166ec396fb1df606179f1e,148,dprichardcs@mediafire.com,5854
66166ec396fb1df606179f1f,560,awimpeyct@dailymail.co.uk,3826
66166ec396fb1df606179f20,133,abogiecu@businessweek.com,6228
66166ec396fb1df606179f21,466,ddunderdalecv@skype.com,9096
66166ec396fb1df606179f22,543,eyurocjhincw@tiny.cc,2448
66166ec396fb1df606179f23,477,lmatokhnincx@stanford.edu,6853
66166ec396fb1df606179f24,328,cegercy@topsy.com,4152
66166ec396fb1df606179f25,261,aesterbrookcz@addtoany.com,5911
66166ec396fb1df606179f26,230,ablythingd0@slate.com,5275
66166ec396fb1df606179f27,315,rgollingd1@globo.com,4174
66166ec396fb1df606179f28,115,iaistond2@arizona.edu,2688
66166ec396fb1df606179f29,387,tanniced3@usgs.gov,7864
66166ec396fb1df606179f2a,330,levansond4@fda.gov,8434
66166ec396fb1df606179f2b,306,ltellenbrokerd5@xinhuanet.com,9026
66166ec396fb1df606179f2c,414,egannond6@pagesperso-orange.fr,7504
66166ec396fb1df606179f2d,244,celliotd7@newsvine.com,4385
66166ec396fb1df606179f2e,364,mdanielssond8@soundcloud.com,8876
66166ec396fb1df606179f2f,130,erumbled9@domainmarket.com,6332
66166ec396fb1df606179f30,522,fsurgoodda@storify.com,8095
66166ec396fb1df606179f31,229,fsivewrightdb@smugmug.com,8002
66166ec396fb1df606179f32,530,bkeegandc@mit.edu,9278
66166ec396fb1df606179f33,111,alabrumdd@howstuffworks.com,2388
66166ec396fb1df606179f34,145,spoletde@bing.com,6367
66166ec396fb1df606179f35,191,jhickeringilldf@creativecommons.org,1312
66166ec396fb1df606179f36,411,abearndg@123-reg.co.uk,8670
66166ec396fb1df606179f37,264,atilsleydh@mail.ru,1256
66166ec396fb1df606179f38,441,ppedrozzidi@instagram.com,9996
66166ec396fb1df606179f39,286,jswadlingedj@ed.gov,8531
66166ec396fb1df606179f3a,528,ldammarelldk@ucoz.com,7848
66166ec396fb1df606179f3b,529,jchadwyckdl@squarespace.com,3394
66166ec496fb1df606179f3c,117,acremendm@apple.com,3360
66166ec496fb1df606179f3d,443,cwitteydn@nih.gov,1334
66166ec496fb1df606179f3e,436,mbirdwhistledo@reference.com,8450
66166ec496fb1df606179f3f,534,ngandersdp@mozilla.org,6107
66166ec496fb1df606179f40,533,sgilpillandq@naver.com,4592
66166ec496fb1df606179f41,474,ttheussdr@live.com,8646
66166ec496fb1df606179f42,591,osebastiands@squidoo.com,3210
66166ec496fb1df606179f43,587,kheasleydt@mit.edu,9157
66166ec496fb1df606179f44,555,prensdu@tumblr.com,3937
66166ec496fb1df606179f45,156,zwarrickerdv@symantec.com,5090
