_id,id,name,role,password,email
66166ed596fb1df60617a13c,1,Franklin Axton,intern,ran@_,faxton0@berkeley.edu
66166ed596fb1df60617a13d,2,Kelsy Nehl,admin,pvy,knehl1@diigo.com
66166ed596fb1df60617a13e,3,Claudianus Rodenburg,intern,pxoFjQ,crodenburg2@icq.com
66166ed596fb1df60617a13f,4,Kippie Winchcum,architect,esaf*,kwinchcum3@cocolog-nifty.com
66166ed596fb1df60617a140,5,Alicea Macvain,architect,bva#,amacvain4@flavors.me
66166ed696fb1df60617a141,6,Janeta Cymper,admin,uwb(@,jcymper5@123-reg.co.uk
66166ed696fb1df60617a142,7,Francisco Burtwell,intern,dzb,fburtwell6@blog.com
66166ed696fb1df60617a143,8,Nicola Mash,intern,mbqVU,nmash7@jigsy.com
66166ed696fb1df60617a144,9,Lodovico Milley,intern,"pdb6""a",lmilley8@unc.edu
66166ed696fb1df60617a145,10,Othilia Piegrome,intern,pjd,opiegrome9@blogspot.com
66166ed696fb1df60617a146,11,Lorry Jeaffreson,intern,rjz+,ljeaffresona@marketwatch.com
66166ed696fb1df60617a147,12,Donnie Romero,intern,yqe,dromerob@live.com
66166ed696fb1df60617a148,13,Nevil Jansens,intern,nct@h,njansensc@list-manage.com
66166ed696fb1df60617a149,14,Winnah Thal,intern,gevI,wthald@pcworld.com
66166ed696fb1df60617a14a,15,Katya De Atta,intern,qmta`,kdee@amazon.com
66166ed696fb1df60617a14b,16,Lincoln Virgin,architect,epc5,lvirginf@cnbc.com
66166ed696fb1df60617a14c,17,Tiphany Abatelli,architect,lcn,tabatellig@wufoo.com
66166ed696fb1df60617a14d,18,Gaby Graber,architect,zkj),ggraberh@twitter.com
66166ed696fb1df60617a14e,19,Georgiana Burg,architect,iseG'z,gburgi@naver.com
66166ed696fb1df60617a14f,20,Krystle Gue,intern,jnnV,kguej@scientificamerican.com
66166ed696fb1df60617a150,21,Alyssa Causier,architect,amg8w,acausierk@prnewswire.com
66166ed696fb1df60617a151,22,Adorne Strongman,architect,qnzFP,astrongmanl@so-net.ne.jp
66166ed696fb1df60617a152,23,Norry Grigoriscu,architect,zqo,ngrigoriscum@rakuten.co.jp
66166ed696fb1df60617a153,24,Carolus Valois,architect,zus*{u,cvaloisn@seesaa.net
66166ed696fb1df60617a154,25,Anni Andraud,architect,xdzYVS,aandraudo@illinois.edu
66166ed696fb1df60617a155,26,Dorthea Clampe,architect,snp6o,dclampep@odnoklassniki.ru
66166ed696fb1df60617a156,27,Shirlee Withers,admin,"dcr""H'",swithersq@huffingtonpost.com
66166ed696fb1df60617a157,28,Trumann Plumm,intern,btyupP,tplummr@digg.com
66166ed796fb1df60617a158,29,Conn Kenefick,admin,ntfYt&,ckeneficks@springer.com
66166ed796fb1df60617a159,30,Gale Hardistry,architect,"hpu""",ghardistryt@nasa.gov
66166ed796fb1df60617a15a,31,Alli Frankema,intern,gniH,afrankemau@reference.com
66166ed796fb1df60617a15b,32,Alayne Strettell,intern,nue,astrettellv@histats.com
66166ed796fb1df60617a15c,33,Virgil Learoyd,admin,nuoO/2,vlearoydw@dyndns.org
66166ed796fb1df60617a15d,34,Hayward Mundell,admin,dqkao,hmundellx@angelfire.com
66166ed796fb1df60617a15e,35,Emmie Fisher,intern,zgkr/},efishery@ted.com
66166ed796fb1df60617a15f,36,Wyn Goracci,admin,kpjtH,wgoracciz@ebay.com
66166ed796fb1df60617a160,37,Barny Daile,intern,jrh,bdaile10@ning.com
66166ed796fb1df60617a161,38,Bobette Dugget,intern,dgeQ',bdugget11@tmall.com
66166ed796fb1df60617a162,39,Hoyt Llorente,admin,bcm0#,hllorente12@disqus.com
66166ed796fb1df60617a163,40,Lemar Symmons,intern,mkpLw,lsymmons13@springer.com
66166ed796fb1df60617a164,41,Carolann Cashmore,architect,nho,ccashmore14@usgs.gov
66166ed796fb1df60617a165,42,Cyrus Quinsee,intern,zblfR#,cquinsee15@google.com.hk
66166ed796fb1df60617a166,43,Mateo Hanscombe,architect,eicc,mhanscombe16@reverbnation.com
66166ed796fb1df60617a167,44,Taryn Ilewicz,architect,newsR,tilewicz17@timesonline.co.uk
66166ed796fb1df60617a168,45,Danyelle Orr,intern,cga7<,dorr18@squidoo.com
66166ed796fb1df60617a169,46,Mallorie McIlwrath,architect,"uaj""0",mmcilwrath19@opensource.org
66166ed796fb1df60617a16a,47,Colly Lassey,admin,gfn@Re,classey1a@google.co.uk
66166ed796fb1df60617a16b,48,Hedvige Aggiss,architect,tpq,haggiss1b@barnesandnoble.com
66166ed796fb1df60617a16c,49,Nanette Ingman,architect,sjmuW,ningman1c@sitemeter.com
66166ed796fb1df60617a16d,50,Roselia Ledwidge,architect,xxvgpv,rledwidge1d@joomla.org
66166ed796fb1df60617a16e,51,Inna Crean,architect,aodp,icrean1e@jigsy.com
66166ed796fb1df60617a16f,52,Saundra Frail,intern,kfk5s,sfrail1f@indiegogo.com
66166ed796fb1df60617a170,53,Rhonda Colrein,architect,xcvo,rcolrein1g@google.ca
66166ed896fb1df60617a171,54,Manya Duer,architect,lpeq,mduer1h@so-net.ne.jp
66166ed896fb1df60617a172,55,Berke Norster,intern,lvn,bnorster1i@stumbleupon.com
66166ed896fb1df60617a173,56,Sarina Rawes,architect,bvc,srawes1j@gmpg.org
66166ed896fb1df60617a174,57,Imogen Foggo,architect,iou,ifoggo1k@europa.eu
66166ed896fb1df60617a175,58,Florence Ruske,intern,djoNO},fruske1l@miitbeian.gov.cn
66166ed896fb1df60617a176,59,Nani Mariyushkin,architect,czgoZ,nmariyushkin1m@ucoz.com
66166ed896fb1df60617a177,60,Emile MacNair,intern,shb,emacnair1n@surveymonkey.com
66166ed896fb1df60617a178,61,Odelle Craghead,intern,cty<7,ocraghead1o@oakley.com
66166ed896fb1df60617a179,62,Boote Haddrill,admin,fwuC}k,bhaddrill1p@usatoday.com
66166ed896fb1df60617a17a,63,Sky Delort,architect,cms_,sdelort1q@google.nl
66166ed896fb1df60617a17b,64,Johann Summerbell,intern,fcg}GD,jsummerbell1r@live.com
66166ed896fb1df60617a17c,65,Freddie Curro,admin,uho2e,fcurro1s@fema.gov
66166ed896fb1df60617a17d,66,Ranique Whitcombe,intern,gabxJ,rwhitcombe1t@shareasale.com
66166ed896fb1df60617a17e,67,Beitris Friedank,architect,eywr>,bfriedank1u@who.int
66166ed896fb1df60617a17f,68,Rianon Emtage,intern,olipne,remtage1v@vistaprint.com
66166ed896fb1df60617a180,69,Eddie Sherborne,intern,gltg,esherborne1w@wordpress.org
66166ed896fb1df60617a181,70,Prue Bassano,architect,tlcZ&R,pbassano1x@msu.edu
66166ed896fb1df60617a182,71,Katrina Rycroft,intern,kvi+,krycroft1y@linkedin.com
66166ed896fb1df60617a183,72,Daisy Sima,intern,jquEj,dsima1z@marriott.com
66166ed896fb1df60617a184,73,Essy Zimmermeister,architect,qlo,ezimmermeister20@tmall.com
66166ed896fb1df60617a185,74,Hali Shakespeare,architect,bqcdY,hshakespeare21@unblog.fr
66166ed896fb1df60617a186,75,Orelee Arsey,intern,xxp',oarsey22@alexa.com
66166ed896fb1df60617a187,76,Koralle Duester,admin,xogiGj,kduester23@cargocollective.com
66166ed896fb1df60617a188,77,Lynnell Brighouse,intern,axxef,lbrighouse24@naver.com
66166ed896fb1df60617a189,78,Bessy Jaine,admin,tlcw_,bjaine25@plala.or.jp
66166ed896fb1df60617a18a,79,Arnuad Chiverstone,architect,zvi,achiverstone26@dailymail.co.uk
66166ed996fb1df60617a18b,80,Manfred Sweeting,architect,yje,msweeting27@accuweather.com
66166ed996fb1df60617a18c,81,Dew Fitchet,architect,oiyq,dfitchet28@unc.edu
66166ed996fb1df60617a18d,82,Yance Anderton,architect,exnC)%,yanderton29@artisteer.com
66166ed996fb1df60617a18e,83,Salome Watsam,intern,idt,swatsam2a@technorati.com
66166ed996fb1df60617a18f,84,Gertrude Vischi,architect,hza},gvischi2b@bravesites.com
66166ed996fb1df60617a190,85,Al Pyett,architect,okbahx,apyett2c@cdbaby.com
66166ed996fb1df60617a191,86,George Pomfrett,intern,ojfd,gpomfrett2d@themeforest.net
66166ed996fb1df60617a192,87,Carie Huban,intern,gprn?,chuban2e@sbwire.com
66166ed996fb1df60617a193,88,Nobe Tew,admin,vco,ntew2f@skype.com
66166ed996fb1df60617a194,89,Arron Anker,architect,das5~W,aanker2g@xing.com
66166ed996fb1df60617a195,90,Jehanna Giorgetti,intern,povGL,jgiorgetti2h@unc.edu
66166ed996fb1df60617a196,91,Guenna Harrad,architect,mpp0D~,gharrad2i@php.net
66166ed996fb1df60617a197,92,Fredelia Garnall,architect,nvt,fgarnall2j@amazonaws.com
66166ed996fb1df60617a198,93,Gordan Hostan,architect,lul,ghostan2k@lulu.com
66166ed996fb1df60617a199,94,Stephenie Snodden,intern,bcnl>,ssnodden2l@tamu.edu
66166ed996fb1df60617a19a,95,Robby De La Coste,intern,jmy1G,rde2m@independent.co.uk
66166ed996fb1df60617a19b,96,Carolyn Stodart,intern,aqiX<\,cstodart2n@icq.com
66166ed996fb1df60617a19c,97,Esme Yurikov,architect,svfZQ,eyurikov2o@forbes.com
66166ed996fb1df60617a19d,98,Hartley Loyndon,architect,uwiMa$,hloyndon2p@xing.com
66166ed996fb1df60617a19e,99,Fanny Kruse,architect,qowLf,fkruse2q@jugem.jp
66166ed996fb1df60617a19f,100,Sibel Plumbley,architect,jcsA,splumbley2r@admin.ch
66166ed996fb1df60617a1a0,101,Deeann Caldayrou,intern,zup#i,dcaldayrou2s@privacy.gov.au
66166ed996fb1df60617a1a1,102,Lela Rowles,intern,ykt,lrowles2t@gravatar.com
66166ed996fb1df60617a1a2,103,Alverta Yarranton,architect,npkL,ayarranton2u@1und1.de
66166ed996fb1df60617a1a3,104,Zora Simson,intern,jhi,zsimson2v@google.com.hk
66166eda96fb1df60617a1a4,105,Trixi Maldin,intern,pvoj,tmaldin2w@51.la
66166eda96fb1df60617a1a5,106,Augustus Gemeau,architect,kox,agemeau2x@cbslocal.com
66166eda96fb1df60617a1a6,107,Junia Hariot,intern,kgh,jhariot2y@baidu.com
66166eda96fb1df60617a1a7,108,Maximo Tatham,architect,tnx,mtatham2z@auda.org.au
66166eda96fb1df60617a1a8,109,Lizbeth Salazar,intern,cyu,lsalazar30@reference.com
66166eda96fb1df60617a1a9,110,Rena Dent,intern,jhy,rdent31@tmall.com
66166eda96fb1df60617a1aa,111,Ellwood Guillford,architect,ztxD}1,eguillford32@harvard.edu
66166eda96fb1df60617a1ab,112,Luciano Sallans,intern,all1c,lsallans33@last.fm
66166eda96fb1df60617a1ac,113,Myrtia Fayne,architect,uqdqgd,mfayne34@columbia.edu
66166eda96fb1df60617a1ad,114,Kerri Standish,architect,mmt5!,kstandish35@whitehouse.gov
66166eda96fb1df60617a1ae,115,Juliann Morriarty,intern,pwq<MN,jmorriarty36@netvibes.com
66166eda96fb1df60617a1af,116,Seward Stentiford,architect,wjvm?r,sstentiford37@census.gov
66166eda96fb1df60617a1b0,117,Falito Matevushev,admin,phsP,fmatevushev38@about.me
66166eda96fb1df60617a1b1,118,Carlynn Stoneley,architect,jth%5,cstoneley39@etsy.com
66166eda96fb1df60617a1b2,119,Annabelle Sturley,architect,gkz'.f,asturley3a@ycombinator.com
66166eda96fb1df60617a1b3,120,Paula Keyse,intern,ydo!,pkeyse3b@hhs.gov
66166eda96fb1df60617a1b4,121,Rahal Earsman,intern,aaiNV`,rearsman3c@usatoday.com
66166eda96fb1df60617a1b5,122,Nollie Kopps,intern,vtiG{,nkopps3d@freewebs.com
66166eda96fb1df60617a1b6,123,Shelagh Boschmann,architect,grl`,sboschmann3e@dagondesign.com
66166eda96fb1df60617a1b7,124,Clemmie Goodison,architect,unyhF<,cgoodison3f@reference.com
66166eda96fb1df60617a1b8,125,Mort Linnitt,intern,noo,mlinnitt3g@bloglovin.com
66166eda96fb1df60617a1b9,126,Larisa Habishaw,intern,vxgm,lhabishaw3h@google.co.jp
66166eda96fb1df60617a1ba,127,Felice Fernier,architect,hdbk,ffernier3i@so-net.ne.jp
66166eda96fb1df60617a1bb,128,Stacie Keeley,architect,fbv,skeeley3j@instagram.com
66166eda96fb1df60617a1bc,129,Zach Jacop,intern,feo<@m,zjacop3k@clickbank.net
66166eda96fb1df60617a1bd,130,Winona Sheridan,architect,osw%o6,wsheridan3l@cornell.edu
66166edb96fb1df60617a1be,131,Amabelle Powney,intern,gpv,apowney3m@samsung.com
66166edb96fb1df60617a1bf,132,Federico Duding,architect,cvsE,fduding3n@bing.com
66166edb96fb1df60617a1c0,133,Hattie Bellard,architect,uha,hbellard3o@msu.edu
66166edb96fb1df60617a1c1,134,Kimball Mebius,architect,rnf,kmebius3p@toplist.cz
66166edb96fb1df60617a1c2,135,Pietro Titterell,architect,exb!,ptitterell3q@sbwire.com
66166edb96fb1df60617a1c3,136,Keri Chipperfield,architect,dcv,kchipperfield3r@google.it
66166edb96fb1df60617a1c4,137,Heinrick Lackie,intern,yfh,hlackie3s@surveymonkey.com
66166edb96fb1df60617a1c5,138,Stanly Lotte,intern,ppoMr,slotte3t@chronoengine.com
66166edb96fb1df60617a1c6,139,Lena Jeggo,intern,wap97t,ljeggo3u@squidoo.com
66166edb96fb1df60617a1c7,140,Murial Kondratovich,intern,fhk<,mkondratovich3v@nyu.edu
66166edb96fb1df60617a1c8,141,Stirling Tennet,architect,"ggx!Z,",stennet3w@elpais.com
66166edb96fb1df60617a1c9,142,Tod Temby,intern,dwq,ttemby3x@nasa.gov
66166edb96fb1df60617a1ca,143,Meaghan Hulle,architect,crq,mhulle3y@ft.com
66166edb96fb1df60617a1cb,144,Marybeth Dongles,intern,nolu?7,mdongles3z@chicagotribune.com
66166edb96fb1df60617a1cc,145,Goddart Porcas,architect,nxl,gporcas40@cisco.com
66166edb96fb1df60617a1cd,146,Keary Dunlap,intern,gme,kdunlap41@cnn.com
66166edb96fb1df60617a1ce,147,Garfield Pollak,admin,ivf,gpollak42@sohu.com
66166edb96fb1df60617a1cf,148,Burch Hill,architect,cvtDt2,bhill43@aol.com
66166edb96fb1df60617a1d0,149,Cissy Dionsetto,intern,efj,cdionsetto44@google.com.hk
66166edb96fb1df60617a1d1,150,Philipa Greveson,architect,vnv,pgreveson45@prlog.org
66166edb96fb1df60617a1d2,151,Marlane Daly,intern,rxo,mdaly46@studiopress.com
66166edb96fb1df60617a1d3,152,Dael McCurlye,intern,yys>6,dmccurlye47@infoseek.co.jp
66166edc96fb1df60617a1d4,153,Concordia Kingsman,intern,mbw,ckingsman48@mozilla.com
66166edc96fb1df60617a1d5,154,Ella Somerlie,intern,uvk,esomerlie49@slate.com
66166edc96fb1df60617a1d6,155,Hoebart Tadlow,intern,ieb,htadlow4a@etsy.com
66166edc96fb1df60617a1d7,156,Jordan Crone,architect,aylR1c,jcrone4b@sphinn.com
66166edc96fb1df60617a1d8,157,Lucian Capaldo,architect,htz,lcapaldo4c@go.com
66166edc96fb1df60617a1d9,158,Britteny Plumptre,intern,sctKd9,bplumptre4d@de.vu
66166edc96fb1df60617a1da,159,Desirae Penchen,admin,rlyx,dpenchen4e@hp.com
66166edc96fb1df60617a1db,160,Kimmi Bridgement,intern,okmG,kbridgement4f@ed.gov
66166edc96fb1df60617a1dc,161,Brandy Nehl,intern,byi.,bnehl4g@youtube.com
66166edc96fb1df60617a1dd,162,Ive Bellham,architect,ftbj4,ibellham4h@behance.net
66166edc96fb1df60617a1de,163,Costanza Glascott,architect,kzlnHq,cglascott4i@cyberchimps.com
66166edc96fb1df60617a1df,164,Raddie Churchlow,intern,fax`,rchurchlow4j@irs.gov
66166edc96fb1df60617a1e0,165,Netty Brauner,architect,wti5bf,nbrauner4k@bbc.co.uk
66166edc96fb1df60617a1e1,166,Anabel de Keyser,intern,ysn,ade4l@ted.com
66166edc96fb1df60617a1e2,167,Lishe Vasin,architect,jdcR,lvasin4m@yahoo.com
66166edc96fb1df60617a1e3,168,Alaster Dallin,architect,"aob""Q",adallin4n@dailymotion.com
66166edc96fb1df60617a1e4,169,Poul Maroney,architect,jsbB>,pmaroney4o@nationalgeographic.com
66166edc96fb1df60617a1e5,170,Madalena Aylesbury,architect,ycb,maylesbury4p@xrea.com
66166edc96fb1df60617a1e6,171,Cacilie McLuckie,intern,dfdgW,cmcluckie4q@paginegialle.it
66166edc96fb1df60617a1e7,172,Joy Rudd,intern,frr&4R,jrudd4r@t.co
66166edc96fb1df60617a1e8,173,Brennen Gripton,architect,bpp7,bgripton4s@si.edu
66166edc96fb1df60617a1e9,174,Noam Joynt,architect,wcp|I,njoynt4t@gov.uk
66166edc96fb1df60617a1ea,175,Kameko Jenno,intern,tns@,kjenno4u@ycombinator.com
66166edc96fb1df60617a1eb,176,Waite Mulran,architect,lqz,wmulran4v@instagram.com
66166edc96fb1df60617a1ec,177,Vivianna Gemlett,intern,qwp?S\,vgemlett4w@state.tx.us
66166edc96fb1df60617a1ed,178,Dulcie Fransewich,architect,xhe,dfransewich4x@elegantthemes.com
66166edd96fb1df60617a1ee,179,Powell Swaby,architect,oua/,pswaby4y@statcounter.com
66166edd96fb1df60617a1ef,180,Corny McClancy,architect,oji{,cmcclancy4z@patch.com
66166edd96fb1df60617a1f0,181,Bo Audas,intern,thw,baudas50@arizona.edu
66166edd96fb1df60617a1f1,182,Marius Bowen,intern,xgf,mbowen51@bbb.org
66166edd96fb1df60617a1f2,183,Jermaine Eaddy,architect,tyy*),jeaddy52@reverbnation.com
66166edd96fb1df60617a1f3,184,Gawain Golly,intern,jidS,ggolly53@msu.edu
66166edd96fb1df60617a1f4,185,Robbert Clout,intern,qyfeDr,rclout54@amazon.co.uk
66166edd96fb1df60617a1f5,186,Roshelle Stinchcombe,admin,gli%qX,rstinchcombe55@shinystat.com
66166edd96fb1df60617a1f6,187,Aprilette Duckitt,admin,qkn1,aduckitt56@printfriendly.com
66166edd96fb1df60617a1f7,188,Shalom Delacourt,architect,akq,sdelacourt57@arstechnica.com
66166edd96fb1df60617a1f8,189,Iris Schirach,architect,mru>o,ischirach58@pcworld.com
66166edd96fb1df60617a1f9,190,Liliane Egel,intern,nmfLW,legel59@nih.gov
66166edd96fb1df60617a1fa,191,Dannie Eake,intern,plo,deake5a@edublogs.org
66166edd96fb1df60617a1fb,192,Iormina Dashper,architect,uzs.,idashper5b@hibu.com
66166edd96fb1df60617a1fc,193,Cirillo Poznanski,intern,yeq,cpoznanski5c@gnu.org
66166edd96fb1df60617a1fd,194,Hyman Beer,intern,tuzc,hbeer5d@livejournal.com
66166edd96fb1df60617a1fe,195,Kala Littley,architect,ioy.,klittley5e@hp.com
66166edd96fb1df60617a1ff,196,Falkner Cowton,intern,lktw,fcowton5f@nytimes.com
66166ede96fb1df60617a200,197,Sawyere Jan,admin,dshl,sjan5g@ask.com
66166ede96fb1df60617a201,198,Alyosha Petti,intern,wjhfYn,apetti5h@pinterest.com
66166ede96fb1df60617a202,199,Darill Le Lievre,admin,wfzUq#,dle5i@wired.com
66166ede96fb1df60617a203,200,Even Leigh,intern,hvh}he,eleigh5j@msu.edu
66166ede96fb1df60617a204,201,Lorne McPhater,architect,gho<),lmcphater5k@pbs.org
66166ede96fb1df60617a205,202,Bax Doag,architect,srq,bdoag5l@com.com
66166ede96fb1df60617a206,203,Boycey Pougher,intern,uhlg,bpougher5m@sakura.ne.jp
66166ede96fb1df60617a207,204,Iosep Siemandl,intern,cel,isiemandl5n@house.gov
66166ede96fb1df60617a208,205,Stefania Holehouse,architect,zhy,sholehouse5o@blogspot.com
66166ede96fb1df60617a209,206,Thorndike Camosso,intern,zdy!}},tcamosso5p@tripadvisor.com
66166ede96fb1df60617a20a,207,Jerrie Cawdell,architect,bylD,jcawdell5q@usa.gov
66166ede96fb1df60617a20b,208,Conroy Mariotte,intern,fri.m,cmariotte5r@google.com
66166ede96fb1df60617a20c,209,Dode Sadgrove,intern,vch,dsadgrove5s@dot.gov
66166ede96fb1df60617a20d,210,Stanislas Mc Gaughey,intern,pcg,smc5t@rambler.ru
66166ede96fb1df60617a20e,211,Brion Ianno,architect,mjfZ,bianno5u@symantec.com
66166ede96fb1df60617a20f,212,Llywellyn Dewire,architect,kzs4v,ldewire5v@flickr.com
66166ede96fb1df60617a210,213,Ara Hansbury,intern,gyd@jx,ahansbury5w@telegraph.co.uk
66166ede96fb1df60617a211,214,Brunhilda Dillow,architect,gxe?X,bdillow5x@usnews.com
66166ede96fb1df60617a212,215,Tanny Godley,admin,gqzeMZ,tgodley5y@timesonline.co.uk
66166ede96fb1df60617a213,216,Brent Corthes,architect,gchW',bcorthes5z@dot.gov
66166ede96fb1df60617a214,217,Mandel O'Reagan,admin,gzo}m,moreagan60@typepad.com
66166ede96fb1df60617a215,218,Farand Dongate,intern,tzcp,fdongate61@nbcnews.com
66166ede96fb1df60617a216,219,Licha Matushevich,intern,iqgi,lmatushevich62@msu.edu
66166ede96fb1df60617a217,220,Meghan Doey,intern,dgi@,mdoey63@icio.us
66166ede96fb1df60617a218,221,Wallache Ryce,architect,qtmy@3,wryce64@123-reg.co.uk
66166edf96fb1df60617a219,222,Norina McLaren,architect,zowB,nmclaren65@chronoengine.com
66166edf96fb1df60617a21a,223,Connie Ferrettini,intern,gfu&,cferrettini66@hud.gov
66166edf96fb1df60617a21b,224,Brear Woodnutt,architect,tbx0s,bwoodnutt67@soundcloud.com
66166edf96fb1df60617a21c,225,Darby Shewry,intern,awnk+,dshewry68@de.vu
66166edf96fb1df60617a21d,226,Laureen Davidovich,admin,cwk,ldavidovich69@cbsnews.com
66166edf96fb1df60617a21e,227,Catherine Elsop,intern,ews,celsop6a@stanford.edu
66166edf96fb1df60617a21f,228,Kienan Barnsdall,architect,vlm/,kbarnsdall6b@archive.org
66166edf96fb1df60617a220,229,Goldie Miguel,admin,"syg,2",gmiguel6c@wordpress.com
66166edf96fb1df60617a221,230,Jordanna Marchi,architect,oob0,jmarchi6d@printfriendly.com
66166edf96fb1df60617a222,231,Nani Leppingwell,intern,lvh,nleppingwell6e@mac.com
66166edf96fb1df60617a223,232,Eziechiele Sloan,intern,kosQ,esloan6f@example.com
66166edf96fb1df60617a224,233,Evania Chalcot,architect,khq,echalcot6g@themeforest.net
66166edf96fb1df60617a225,234,Aleksandr Stirton,intern,xlm,astirton6h@bigcartel.com
66166edf96fb1df60617a226,235,Burg Cucuzza,architect,lvg,bcucuzza6i@drupal.org
66166edf96fb1df60617a227,236,Carlynn Dakhno,architect,dgbD,cdakhno6j@who.int
66166edf96fb1df60617a228,237,Stella Cauderlie,architect,cno,scauderlie6k@cnbc.com
66166edf96fb1df60617a229,238,Sullivan Grinley,intern,era,sgrinley6l@theguardian.com
66166edf96fb1df60617a22a,239,Marna Rowaszkiewicz,architect,jkk,mrowaszkiewicz6m@businessinsider.com
66166edf96fb1df60617a22b,240,Loren Grint,intern,jme,lgrint6n@pcworld.com
66166edf96fb1df60617a22c,241,Ellen Makiver,architect,xtoV<,emakiver6o@businessweek.com
66166edf96fb1df60617a22d,242,Arvin Cawtheray,architect,fyp,acawtheray6p@sbwire.com
66166edf96fb1df60617a22e,243,Janaya Philpots,architect,tku,jphilpots6q@biblegateway.com
66166edf96fb1df60617a22f,244,Carmen Scally,architect,tzqqOZ,cscally6r@hud.gov
66166edf96fb1df60617a230,245,Jillana Vasnetsov,admin,qqq~,jvasnetsov6s@prnewswire.com
66166edf96fb1df60617a231,246,Misti Agronski,architect,uqbw,magronski6t@digg.com
66166edf96fb1df60617a232,247,Britta Swallwell,architect,imvK5+,bswallwell6u@dropbox.com
66166ee096fb1df60617a233,248,Cale Gallgher,intern,nhjlb\,cgallgher6v@amazon.co.uk
66166ee096fb1df60617a234,249,Sherwin Skocroft,intern,vfjLg,sskocroft6w@etsy.com
66166ee096fb1df60617a235,250,Nadia Bogace,admin,xuw,nbogace6x@prweb.com
66166ee096fb1df60617a236,251,Jessee Rizzi,intern,ufhF&Z,jrizzi6y@ning.com
66166ee096fb1df60617a237,252,Helenka Mottley,architect,tbwd@U,hmottley6z@va.gov
66166ee096fb1df60617a238,253,Berkie Pimme,architect,tbx,bpimme70@businessweek.com
66166ee096fb1df60617a239,254,Leigh Ruffey,architect,zzt(,lruffey71@gnu.org
66166ee096fb1df60617a23a,255,Inglebert Hanalan,architect,fxa,ihanalan72@artisteer.com
66166ee096fb1df60617a23b,256,Pip Ferrarini,intern,jqk0,pferrarini73@wiley.com
66166ee096fb1df60617a23c,257,Sibilla Chambers,architect,sxti,schambers74@hhs.gov
66166ee096fb1df60617a23d,258,Leigh Chappelle,intern,iot?*,lchappelle75@networkadvertising.org
66166ee096fb1df60617a23e,259,Deedee de Tocqueville,architect,vjhr,dde76@discuz.net
66166ee096fb1df60617a23f,260,Elonore Yeoman,architect,phwTH,eyeoman77@oaic.gov.au
66166ee096fb1df60617a240,261,Jeff Decker,architect,"nca,j",jdecker78@marriott.com
66166ee096fb1df60617a241,262,Janeczka Bredgeland,architect,noxYdZ,jbredgeland79@google.pl
66166ee096fb1df60617a242,263,Sunny Cossentine,architect,mlu*,scossentine7a@smugmug.com
66166ee096fb1df60617a243,264,Shandy Penchen,intern,jmww,spenchen7b@blogspot.com
66166ee096fb1df60617a244,265,Miguel Leithgoe,intern,ljeHW,mleithgoe7c@skyrock.com
66166ee096fb1df60617a245,266,Kevan Lambrick,architect,rfz,klambrick7d@indiegogo.com
66166ee096fb1df60617a246,267,Diahann Riha,admin,lhh\,driha7e@jiathis.com
66166ee096fb1df60617a247,268,Willy Kleyn,intern,fqw,wkleyn7f@phpbb.com
66166ee096fb1df60617a248,269,Faustina Batchelder,intern,nqh=@,fbatchelder7g@pcworld.com
66166ee096fb1df60617a249,270,Maggy Groger,architect,wli!d#,mgroger7h@amazon.co.jp
66166ee096fb1df60617a24a,271,Leelah Taleworth,architect,krb<,ltaleworth7i@linkedin.com
66166ee096fb1df60617a24b,272,Brady Abys,architect,jzlu3,babys7j@mashable.com
66166ee196fb1df60617a24c,273,Peter Withull,architect,hut,pwithull7k@ifeng.com
66166ee196fb1df60617a24d,274,Gabbi Chevin,intern,eqesG,gchevin7l@howstuffworks.com
66166ee196fb1df60617a24e,275,Muhammad Epsly,intern,qfeU,mepsly7m@wikia.com
66166ee196fb1df60617a24f,276,Nickie Jeckells,admin,swg=k0,njeckells7n@icq.com
66166ee196fb1df60617a250,277,Wash Stilgoe,architect,gqp1A,wstilgoe7o@facebook.com
66166ee196fb1df60617a251,278,Melvin Djurevic,architect,jkjUJE,mdjurevic7p@twitter.com
66166ee196fb1df60617a252,279,Upton Corneck,architect,mbp2j,ucorneck7q@ucsd.edu
66166ee196fb1df60617a253,280,Wanids Caddies,architect,vhgp,wcaddies7r@ning.com
66166ee196fb1df60617a254,281,Clim Adaway,architect,jky<Bl,cadaway7s@berkeley.edu
66166ee196fb1df60617a255,282,Erasmus Jeannard,admin,dqvP,ejeannard7t@discovery.com
66166ee196fb1df60617a256,283,Nancy Shankster,intern,ralXuq,nshankster7u@reverbnation.com
66166ee196fb1df60617a257,284,Rozalin Konmann,admin,tiu,rkonmann7v@wikimedia.org
66166ee196fb1df60617a258,285,Gabriello O'Sheils,intern,kkhJw,gosheils7w@symantec.com
66166ee196fb1df60617a259,286,Barney Bartkiewicz,architect,aadg,bbartkiewicz7x@ehow.com
66166ee196fb1df60617a25a,287,Rolando Wreight,intern,ghq,rwreight7y@who.int
66166ee196fb1df60617a25b,288,Willie Damper,intern,"vagh""",wdamper7z@ucoz.ru
66166ee196fb1df60617a25c,289,Ferne Elcock,intern,"jbcy""",felcock80@wix.com
66166ee196fb1df60617a25d,290,Reagan Ormesher,intern,unxI,rormesher81@redcross.org
66166ee196fb1df60617a25e,291,Shantee Cortese,architect,bxl?U,scortese82@theglobeandmail.com
66166ee196fb1df60617a25f,292,Reeta Curl,intern,focl,rcurl83@fastcompany.com
66166ee196fb1df60617a260,293,Kit Screwton,intern,rtlk,kscrewton84@cargocollective.com
66166ee196fb1df60617a261,294,Elton Scopyn,intern,oqdxe,escopyn85@wordpress.org
66166ee196fb1df60617a262,295,Malissa Kingman,architect,zmmcq,mkingman86@istockphoto.com
66166ee196fb1df60617a263,296,Janey Prazer,intern,tyob61,jprazer87@bloomberg.com
66166ee196fb1df60617a264,297,Vidovik Coger,architect,xpxrE,vcoger88@vkontakte.ru
66166ee296fb1df60617a265,298,Nilson Francino,intern,gpo,nfrancino89@live.com
66166ee296fb1df60617a266,299,Cooper Maciocia,intern,hitRZy,cmaciocia8a@networksolutions.com
66166ee296fb1df60617a267,300,Raina Gregg,intern,vqj,rgregg8b@usgs.gov
66166ee296fb1df60617a268,301,Karie Springtorp,intern,fufHA,kspringtorp8c@themeforest.net
66166ee296fb1df60617a269,302,Halsey Andrassy,intern,nftR,handrassy8d@msu.edu
66166ee296fb1df60617a26a,303,Rolph Paschek,admin,imr,rpaschek8e@meetup.com
66166ee296fb1df60617a26b,304,Danny Coda,architect,miyi,dcoda8f@nymag.com
66166ee296fb1df60617a26c,305,Lilia Blonfield,architect,ueyP,lblonfield8g@is.gd
66166ee296fb1df60617a26d,306,Kaylil Sawell,intern,vhj+,ksawell8h@addtoany.com
66166ee296fb1df60617a26e,307,Caye Giercke,intern,fzv?e,cgiercke8i@time.com
66166ee296fb1df60617a26f,308,Ax Cortez,intern,gfv,acortez8j@bbc.co.uk
66166ee296fb1df60617a270,309,Myles Eichmann,architect,tjk=,meichmann8k@usatoday.com
66166ee296fb1df60617a271,310,Ulysses Spyvye,intern,xri,uspyvye8l@g.co
66166ee296fb1df60617a272,311,Mable Klassman,architect,simI,mklassman8m@domainmarket.com
66166ee296fb1df60617a273,312,Celle Copnall,intern,tld@U,ccopnall8n@tmall.com
66166ee296fb1df60617a274,313,Veronike Vignal,intern,sll,vvignal8o@arizona.edu
66166ee296fb1df60617a275,314,Lyndsie Izkoveski,intern,huw,lizkoveski8p@arizona.edu
66166ee296fb1df60617a276,315,Alonso Greve,architect,wqrVnp,agreve8q@epa.gov
66166ee296fb1df60617a277,316,Langston Beetles,admin,nlv`,lbeetles8r@360.cn
66166ee296fb1df60617a278,317,Danielle Ovesen,admin,nrv<,dovesen8s@opera.com
66166ee296fb1df60617a279,318,Lamont Dauney,architect,bne,ldauney8t@wikimedia.org
66166ee296fb1df60617a27a,319,Annetta Lidster,architect,lbxX,alidster8u@i2i.jp
66166ee296fb1df60617a27b,320,Dell Skett,admin,hzw+l,dskett8v@mac.com
66166ee296fb1df60617a27c,321,Charmian Ivanitsa,architect,kzg?FS,civanitsa8w@about.com
66166ee296fb1df60617a27d,322,Ferne Bondesen,architect,esw>,fbondesen8x@un.org
66166ee396fb1df60617a27e,323,Elsworth Walentynowicz,intern,sky=,ewalentynowicz8y@chron.com
66166ee396fb1df60617a27f,324,Cart Veelers,intern,buwT,cveelers8z@mozilla.com
66166ee396fb1df60617a280,325,Brenna Riach,admin,viq,briach90@tripod.com
66166ee396fb1df60617a281,326,Tomas Sibylla,architect,mnhi,tsibylla91@cam.ac.uk
66166ee396fb1df60617a282,327,Barbabas Odcroft,architect,eolS6,bodcroft92@hostgator.com
66166ee396fb1df60617a283,328,Maddi Sturgess,admin,cge2un,msturgess93@tinyurl.com
66166ee396fb1df60617a284,329,Reagan Catchpole,intern,rja,rcatchpole94@acquirethisname.com
66166ee396fb1df60617a285,330,Garwin O'Growgane,architect,xozgxR,gogrowgane95@symantec.com
66166ee396fb1df60617a286,331,Ada Kingsworth,architect,qcpR,akingsworth96@sitemeter.com
66166ee396fb1df60617a287,332,Tallou Scardafield,architect,txd5,tscardafield97@linkedin.com
66166ee396fb1df60617a288,333,Ad Gent,architect,opk,agent98@domainmarket.com
66166ee396fb1df60617a289,334,Leena Leeder,intern,bat}7},lleeder99@slideshare.net
66166ee396fb1df60617a28a,335,Sean Yanyushkin,architect,dme_N,syanyushkin9a@printfriendly.com
66166ee396fb1df60617a28b,336,Cyndie McMechan,architect,mnf,cmcmechan9b@newyorker.com
66166ee396fb1df60617a28c,337,Renaud Digweed,architect,wpwpy,rdigweed9c@businessinsider.com
66166ee396fb1df60617a28d,338,Morgen Latimer,architect,dcgNx',mlatimer9d@ihg.com
66166ee396fb1df60617a28e,339,Lark Domenico,intern,iig,ldomenico9e@goo.ne.jp
66166ee396fb1df60617a28f,340,Eben Bentick,architect,zwvR'a,ebentick9f@joomla.org
66166ee396fb1df60617a290,341,Stefan Corstorphine,architect,lao,scorstorphine9g@tumblr.com
66166ee396fb1df60617a291,342,Pavla Thorsen,intern,yyz,pthorsen9h@microsoft.com
66166ee396fb1df60617a292,343,Justinn Turfus,intern,dscW_,jturfus9i@moonfruit.com
66166ee396fb1df60617a293,344,Rorke Osgarby,intern,gmoumk,rosgarby9j@weibo.com
66166ee396fb1df60617a294,345,Lezlie Trowler,intern,ubsO4@,ltrowler9k@skyrock.com
66166ee396fb1df60617a295,346,Gina Kimbury,architect,lmbd,gkimbury9l@altervista.org
66166ee396fb1df60617a296,347,Jordon Farron,intern,rhj,jfarron9m@thetimes.co.uk
66166ee496fb1df60617a297,348,Trudi Pettman,intern,"kci+,",tpettman9n@virginia.edu
66166ee496fb1df60617a298,349,Paloma Appleford,architect,jmefC,pappleford9o@seattletimes.com
66166ee496fb1df60617a299,350,Bryna Duckworth,architect,gwvD|,bduckworth9p@google.com.br
66166ee496fb1df60617a29a,351,Sheila Andrioletti,admin,pqd,sandrioletti9q@ning.com
66166ee496fb1df60617a29b,352,Vallie Birts,intern,ygm,vbirts9r@naver.com
66166ee496fb1df60617a29c,353,Caitrin Avramow,architect,wtc}h2,cavramow9s@etsy.com
66166ee496fb1df60617a29d,354,Joane Pavolini,architect,ejn},jpavolini9t@ehow.com
66166ee496fb1df60617a29e,355,Abba Huison,admin,jvuIJn,ahuison9u@storify.com
66166ee496fb1df60617a29f,356,Margareta Isaacs,architect,ccf_4n,misaacs9v@sitemeter.com
66166ee496fb1df60617a2a0,357,Gaston Heyworth,architect,bddG>N,gheyworth9w@cocolog-nifty.com
66166ee496fb1df60617a2a1,358,Tedi Ricardon,architect,dnny3,tricardon9x@theatlantic.com
66166ee496fb1df60617a2a2,359,Reagen Rands,architect,rxdOSF,rrands9y@google.com.au
66166ee496fb1df60617a2a3,360,Marabel Dunnet,intern,qvh,mdunnet9z@comsenz.com
66166ee496fb1df60617a2a4,361,Horten Stormont,admin,nayo,hstormonta0@cornell.edu
66166ee496fb1df60617a2a5,362,Blaire Inkin,admin,ghh,binkina1@drupal.org
66166ee496fb1df60617a2a6,363,Raff Bedingfield,admin,oal,rbedingfielda2@cbslocal.com
66166ee496fb1df60617a2a7,364,Seymour Lodevick,architect,iwo%},slodevicka3@vimeo.com
66166ee496fb1df60617a2a8,365,Gina Cisco,architect,aiv4%Y,gciscoa4@taobao.com
66166ee496fb1df60617a2a9,366,Louella Mueller,intern,wgl$,lmuellera5@facebook.com
66166ee496fb1df60617a2aa,367,Deina Whardley,intern,kjwXaF,dwhardleya6@php.net
66166ee496fb1df60617a2ab,368,Torrance Gruszka,architect,"lwz,e_",tgruszkaa7@godaddy.com
66166ee496fb1df60617a2ac,369,Nicola Poultney,admin,mgr~,npoultneya8@indiatimes.com
66166ee496fb1df60617a2ad,370,Averill Mesnard,intern,xrl9,amesnarda9@dailymail.co.uk
66166ee496fb1df60617a2ae,371,Fey Reuss,intern,bnk~(u,freussaa@wikispaces.com
66166ee496fb1df60617a2af,372,Aarika Cheshir,architect,masO|h,acheshirab@boston.com
66166ee596fb1df60617a2b0,373,Inga Brugemann,architect,ctoEV,ibrugemannac@netscape.com
66166ee596fb1df60617a2b1,374,Collen Acuna,intern,pwy,cacunaad@posterous.com
66166ee596fb1df60617a2b2,375,Guthrie Stride,intern,wsq,gstrideae@lycos.com
66166ee596fb1df60617a2b3,376,Paddie Jack,architect,lat,pjackaf@joomla.org
66166ee596fb1df60617a2b4,377,Mahalia Sterley,architect,mki,msterleyag@admin.ch
66166ee596fb1df60617a2b5,378,Becca Labram,architect,uks$7,blabramah@sina.com.cn
66166ee596fb1df60617a2b6,379,Ganny Prime,architect,mxj,gprimeai@nba.com
66166ee596fb1df60617a2b7,380,Valma Josofovitz,intern,hccRR,vjosofovitzaj@cnet.com
66166ee596fb1df60617a2b8,381,Gaby Fladgate,architect,jnh,gfladgateak@hubpages.com
66166ee596fb1df60617a2b9,382,Ashil Housego,admin,pfu4r(,ahousegoal@illinois.edu
66166ee596fb1df60617a2ba,383,Nollie Duffyn,admin,lkn`,nduffynam@barnesandnoble.com
66166ee596fb1df60617a2bb,384,Jerry Dowdney,admin,vcy,jdowdneyan@cisco.com
66166ee596fb1df60617a2bc,385,Berty Sammes,architect,auv/,bsammesao@ning.com
66166ee596fb1df60617a2bd,386,Willy Stanyland,intern,mxxx'3,wstanylandap@goo.gl
66166ee596fb1df60617a2be,387,Carree Landsman,architect,pci/Wl,clandsmanaq@typepad.com
66166ee596fb1df60617a2bf,388,Ariana Mollin,intern,qqyIl,amollinar@linkedin.com
66166ee596fb1df60617a2c0,389,Joelle Strangman,intern,"ehz.,e",jstrangmanas@vkontakte.ru
66166ee596fb1df60617a2c1,390,Deonne Carpe,admin,zhaa,dcarpeat@businessweek.com
66166ee596fb1df60617a2c2,391,Dionne McPharlain,architect,sgw,dmcpharlainau@google.fr
66166ee596fb1df60617a2c3,392,Benedetta Cluet,intern,eay,bcluetav@shinystat.com
66166ee596fb1df60617a2c4,393,Maxie Foat,architect,xudx7,mfoataw@indiegogo.com
66166ee596fb1df60617a2c5,394,Grove McWard,architect,jfela,gmcwardax@discuz.net
66166ee596fb1df60617a2c6,395,Jorry Ballintyne,architect,vhlkk,jballintyneay@timesonline.co.uk
66166ee596fb1df60617a2c7,396,Lorenzo Mettrick,architect,amo{C,lmettrickaz@home.pl
66166ee596fb1df60617a2c8,397,Loise Lideard,intern,xwb,llideardb0@printfriendly.com
66166ee696fb1df60617a2c9,398,Eldin Karlolczak,intern,vjzC,ekarlolczakb1@nymag.com
66166ee696fb1df60617a2ca,399,Benyamin Perago,architect,yev,bperagob2@bravesites.com
66166ee696fb1df60617a2cb,400,Gunther Chave,architect,qeqxB,gchaveb3@europa.eu
66166ee696fb1df60617a2cc,401,Clea Crowch,intern,jvq,ccrowchb4@epa.gov
66166ee696fb1df60617a2cd,402,Milzie Damiata,intern,lrm,mdamiatab5@apache.org
66166ee696fb1df60617a2ce,403,Raye Eam,admin,mdmJY2,reamb6@parallels.com
66166ee696fb1df60617a2cf,404,Brianna Everal,intern,oydNqP,beveralb7@cpanel.net
66166ee696fb1df60617a2d0,405,Luigi Pudsall,intern,ouvB,lpudsallb8@privacy.gov.au
66166ee696fb1df60617a2d1,406,Chrisse Behrendsen,intern,mnbFWB,cbehrendsenb9@amazon.de
66166ee696fb1df60617a2d2,407,Verney Paradine,intern,hxo(eZ,vparadineba@unc.edu
66166ee696fb1df60617a2d3,408,Farley Hover,intern,mzkdfZ,fhoverbb@amazon.com
66166ee696fb1df60617a2d4,409,Ermentrude Akaster,architect,afu,eakasterbc@people.com.cn
66166ee696fb1df60617a2d5,410,Emmott Conrath,architect,qinJCI,econrathbd@last.fm
66166ee696fb1df60617a2d6,411,Martainn Sulman,architect,rlsWW,msulmanbe@github.com
66166ee696fb1df60617a2d7,412,Allys Birchwood,architect,aoqY*B,abirchwoodbf@desdev.cn
66166ee696fb1df60617a2d8,413,Basile Billows,intern,xzlb,bbillowsbg@howstuffworks.com
66166ee696fb1df60617a2d9,414,Bessy Hughill,architect,ptn,bhughillbh@stumbleupon.com
66166ee696fb1df60617a2da,415,Trudi Lyndon,architect,scny,tlyndonbi@tinypic.com
66166ee696fb1df60617a2db,416,Norean Roskam,admin,cmr$*,nroskambj@upenn.edu
66166ee696fb1df60617a2dc,417,Clint Piller,admin,odiDIV,cpillerbk@ftc.gov
66166ee696fb1df60617a2dd,418,Osmund Abbate,architect,hqejx,oabbatebl@cnn.com
66166ee696fb1df60617a2de,419,Damian Meeson,intern,mls,dmeesonbm@wikispaces.com
66166ee696fb1df60617a2df,420,Gibb Smidmor,architect,ogiG,gsmidmorbn@imdb.com
66166ee696fb1df60617a2e0,421,Clarence Breitling,admin,tkpjm,cbreitlingbo@vk.com
66166ee796fb1df60617a2e1,422,Lolly Josum,architect,bioVko,ljosumbp@prweb.com
66166ee796fb1df60617a2e2,423,Cedric McNea,intern,nnyUL,cmcneabq@cbc.ca
66166ee796fb1df60617a2e3,424,Dalenna Mapstone,intern,trwr~,dmapstonebr@reference.com
66166ee796fb1df60617a2e4,425,Jenilee Metzig,intern,uessK,jmetzigbs@vimeo.com
66166ee796fb1df60617a2e5,426,Mariska Frantzen,intern,qita3|,mfrantzenbt@state.tx.us
66166ee796fb1df60617a2e6,427,Cynthie Aucock,architect,xdrf,caucockbu@ocn.ne.jp
66166ee796fb1df60617a2e7,428,Rozele Franey,intern,uqz|,rfraneybv@npr.org
66166ee796fb1df60617a2e8,429,Camellia Waslin,intern,meo)s,cwaslinbw@wix.com
66166ee796fb1df60617a2e9,430,Moses Mullins,architect,wpt,mmullinsbx@tuttocitta.it
66166ee796fb1df60617a2ea,431,Tessi Booker,admin,uvan)},tbookerby@prweb.com
66166ee796fb1df60617a2eb,432,Mariam Dragge,intern,pzr8TT,mdraggebz@exblog.jp
66166ee796fb1df60617a2ec,433,Alane Flatley,architect,rff~,aflatleyc0@alibaba.com
66166ee796fb1df60617a2ed,434,Alonzo Damato,architect,ial./,adamatoc1@nyu.edu
66166ee796fb1df60617a2ee,435,Teresa Bundock,intern,ilkD3,tbundockc2@blogger.com
66166ee796fb1df60617a2ef,436,Aurelea Wilcot,architect,hmi,awilcotc3@ning.com
66166ee796fb1df60617a2f0,437,Jeffrey Farley,architect,goj,jfarleyc4@phoca.cz
66166ee796fb1df60617a2f1,438,Jillana Carncross,architect,yvs|,jcarncrossc5@soundcloud.com
66166ee796fb1df60617a2f2,439,Arlette Frenzel;,intern,"olc6""",afrenzelc6@loc.gov
66166ee796fb1df60617a2f3,440,Auroora Matelaitis,architect,asp{>t,amatelaitisc7@webmd.com
66166ee796fb1df60617a2f4,441,Tasha Kleimt,architect,fooW,tkleimtc8@networksolutions.com
66166ee796fb1df60617a2f5,442,Ibbie Twigley,intern,cjak9,itwigleyc9@webs.com
66166ee796fb1df60617a2f6,443,Celisse Vannuccinii,architect,fdkHqv,cvannucciniica@deliciousdays.com
66166ee796fb1df60617a2f7,444,Ekaterina Schulze,intern,kmv,eschulzecb@unc.edu
66166ee796fb1df60617a2f8,445,Vladamir McGraffin,intern,qvjeu3,vmcgraffincc@globo.com
66166ee796fb1df60617a2f9,446,Jillane Flag,architect,cut,jflagcd@de.vu
66166ee896fb1df60617a2fa,447,Corry McGuire,intern,bkcNSs,cmcguirece@angelfire.com
66166ee896fb1df60617a2fb,448,Bartlet Edelheit,architect,dgyS=3,bedelheitcf@miitbeian.gov.cn
66166ee896fb1df60617a2fc,449,Kaleena Langthorne,architect,ime,klangthornecg@dedecms.com
66166ee896fb1df60617a2fd,450,Vlad Brouard,intern,twc&,vbrouardch@csmonitor.com
66166ee896fb1df60617a2fe,451,Renell Petkov,intern,uat)7,rpetkovci@seesaa.net
66166ee896fb1df60617a2ff,452,Anastassia Cuschieri,architect,qqs,acuschiericj@list-manage.com
66166ee896fb1df60617a300,453,Bary Gillbe,architect,dgv(,bgillbeck@liveinternet.ru
66166ee896fb1df60617a301,454,Rosanne Arney,intern,wpzf)|,rarneycl@technorati.com
66166ee896fb1df60617a302,455,Cullen Matthiesen,architect,vqjJA,cmatthiesencm@cloudflare.com
66166ee896fb1df60617a303,456,Minta Broose,intern,qrts,mbroosecn@vistaprint.com
66166ee896fb1df60617a304,457,Johnette Dollar,architect,skaAZL,jdollarco@ca.gov
66166ee896fb1df60617a305,458,Cathlene Swadlen,intern,vvs,cswadlencp@guardian.co.uk
66166ee896fb1df60617a306,459,Jacqueline Gainsburgh,admin,cso,jgainsburghcq@1688.com
66166ee896fb1df60617a307,460,Rupert Lavallie,architect,xpin2Q,rlavalliecr@free.fr
66166ee896fb1df60617a308,461,Brittani Metzke,architect,izj,bmetzkecs@amazon.com
66166ee896fb1df60617a309,462,Barbra Glasscott,architect,ewkZ,bglasscottct@gmpg.org
66166ee896fb1df60617a30a,463,Elsinore Mapston,architect,dmpbZR,emapstoncu@who.int
66166ee896fb1df60617a30b,464,Alica Jarrell,architect,lquF<,ajarrellcv@opensource.org
66166ee896fb1df60617a30c,465,Cecilia Ledwitch,architect,"oho,Q",cledwitchcw@wordpress.com
66166ee896fb1df60617a30d,466,Carlie Bransdon,architect,pfb}Oa,cbransdoncx@flavors.me
66166ee896fb1df60617a30e,467,Hastings Weems,architect,tor$R,hweemscy@examiner.com
66166ee896fb1df60617a30f,468,Cleve Hitscher,intern,hxj@,chitschercz@histats.com
66166ee896fb1df60617a310,469,Tobi Evequot,intern,wdmU,tevequotd0@sogou.com
66166ee996fb1df60617a311,470,Gordy Cornall,admin,"hclK,",gcornalld1@smh.com.au
66166ee996fb1df60617a312,471,Myrah Thebe,admin,ouiBQ,mthebed2@npr.org
66166ee996fb1df60617a313,472,Catha Kille,intern,fkz=(,ckilled3@theglobeandmail.com
66166ee996fb1df60617a314,473,Saloma Bortolutti,intern,wve*w,sbortoluttid4@devhub.com
66166ee996fb1df60617a315,474,Tybi Nickolls,architect,uobb,tnickollsd5@edublogs.org
66166ee996fb1df60617a316,475,Zebedee Casaletto,architect,zmjy}e,zcasalettod6@technorati.com
66166ee996fb1df60617a317,476,Elwood Quibell,architect,aply,equibelld7@networksolutions.com
66166ee996fb1df60617a318,477,Humfrey Knightly,intern,xopU,hknightlyd8@apache.org
66166ee996fb1df60617a319,478,Gun Girardy,architect,peoiai,ggirardyd9@wordpress.com
66166ee996fb1df60617a31a,479,Dyna Gregh,intern,oxr,dgreghda@cisco.com
66166ee996fb1df60617a31b,480,Shermy Champney,intern,jjh&,schampneydb@ucla.edu
66166ee996fb1df60617a31c,481,Melvyn Trevallion,intern,pjf,mtrevalliondc@tinyurl.com
66166ee996fb1df60617a31d,482,Julia Winchcomb,intern,ysc!*,jwinchcombdd@gnu.org
66166ee996fb1df60617a31e,483,Heida Harvard,admin,ica,hharvardde@globo.com
66166ee996fb1df60617a31f,484,Annnora Machan,architect,txy*=V,amachandf@irs.gov
66166ee996fb1df60617a320,485,Rachael Armytage,intern,lau$C(,rarmytagedg@discuz.net
66166ee996fb1df60617a321,486,Antony Kirkbride,intern,fwcl@,akirkbridedh@ftc.gov
66166ee996fb1df60617a322,487,Bambi Twell,architect,frpwv&,btwelldi@joomla.org
66166ee996fb1df60617a323,488,Emlynn Inge,intern,ztrE,eingedj@fema.gov
66166ee996fb1df60617a324,489,Karita Fulun,intern,clkg,kfulundk@un.org
66166ee996fb1df60617a325,490,Skip Burdon,architect,gup,sburdondl@arizona.edu
66166ee996fb1df60617a326,491,Gilligan Klainman,intern,koz3Vk,gklainmandm@ibm.com
66166ee996fb1df60617a327,492,Imogen Hallows,intern,dxc7,ihallowsdn@nyu.edu
66166ee996fb1df60617a328,493,Em Whight,intern,sdbTF,ewhightdo@loc.gov
66166ee996fb1df60617a329,494,Letty Grief,architect,umm,lgriefdp@about.me
66166eea96fb1df60617a32a,495,Catlaina Blythe,architect,zjj,cblythedq@vinaora.com
66166eea96fb1df60617a32b,496,Salome Parlot,intern,wsu0(,sparlotdr@dion.ne.jp
66166eea96fb1df60617a32c,497,Olenka Pegrum,intern,wea(,opegrumds@ibm.com
66166eea96fb1df60617a32d,498,Beverlee Venour,intern,yvtI',bvenourdt@washingtonpost.com
66166eea96fb1df60617a32e,499,Alejandrina Daber,architect,pgtQo4,adaberdu@imdb.com
66166eea96fb1df60617a32f,500,Joete Rings,architect,xvd,jringsdv@phoca.cz
